time,measure,key_fifths,key_mode,chord_root,chord_type,note_root,note_octave,note_duration
4/4,1,0,major,C0,major-seventh,G0,4,12.0
4/4,1,0,major,C0,major-seventh,E0,4,4.0
4/4,2,0,major,Bb,major-seventh,D0,4,12.0
4/4,2,0,major,Bb,major-seventh,E0,4,2.0
4/4,2,0,major,Bb,major-seventh,F0,4,2.0
4/4,3,0,major,C0,major-seventh,G0,4,4.0
4/4,3,0,major,C0,major-seventh,G0,4,2.0
4/4,3,0,major,C0,major-seventh,G0,4,2.0
4/4,3,0,major,C0,major-seventh,G0,4,2.66666666667
4/4,3,0,major,C0,major-seventh,A0,4,2.66666666667
4/4,3,0,major,C0,major-seventh,G0,4,2.66666666667
4/4,4,0,major,G0,minor-seventh,Bb,4,4.0
4/4,4,0,major,G0,minor-seventh,A0,4,2.0
4/4,4,0,major,G0,minor-seventh,G0,4,2.0
4/4,4,0,major,G0,minor-seventh,F0,4,3.0
4/4,4,0,major,G0,minor-seventh,E0,4,1.0
4/4,4,0,major,G0,minor-seventh,E0,4,2.0
4/4,4,0,major,G0,minor-seventh,D0,4,2.0
4/4,5,0,major,F0,major-seventh,E0,4,3.0
4/4,5,0,major,F0,major-seventh,C0,4,1.0
4/4,5,0,major,F0,major-seventh,C0,4,2.0
4/4,5,0,major,F0,major-seventh,C0,4,2.0
4/4,5,0,major,F0,major-seventh,C0,4,8.0
4/4,6,0,major,F0,minor-sixth,E0,4,3.0
4/4,6,0,major,F0,minor-sixth,C0,4,1.0
4/4,6,0,major,F0,minor-sixth,C0,4,2.0
4/4,6,0,major,F0,minor-sixth,C0,4,2.0
4/4,6,0,major,F0,minor-sixth,C0,4,8.0
4/4,7,0,major,C0,major-seventh,E0,4,3.0
4/4,7,0,major,C0,major-seventh,C0,4,1.0
4/4,7,0,major,C0,major-seventh,C0,4,2.0
4/4,7,0,major,C0,major-seventh,C0,4,2.0
4/4,7,0,major,C0,major-seventh,C0,4,8.0
4/4,8,0,major,G0,minor-seventh,rest,0,16.0
4/4,9,0,major,C0,major-seventh,G0,4,12.0
4/4,9,0,major,C0,major-seventh,E0,4,4.0
4/4,10,0,major,Bb,major-seventh,D0,4,12.0
4/4,10,0,major,Bb,major-seventh,E0,4,2.0
4/4,10,0,major,Bb,major-seventh,F0,4,2.0
4/4,11,0,major,C0,major-seventh,G0,4,4.0
4/4,11,0,major,C0,major-seventh,G0,4,2.0
4/4,11,0,major,C0,major-seventh,G0,4,2.0
4/4,11,0,major,C0,major-seventh,G0,4,2.66666666667
4/4,11,0,major,C0,major-seventh,A0,4,2.66666666667
4/4,11,0,major,C0,major-seventh,G0,4,2.66666666667
4/4,12,0,major,G0,minor-seventh,Bb,4,4.0
4/4,12,0,major,G0,minor-seventh,A0,4,2.0
4/4,12,0,major,G0,minor-seventh,G0,4,2.0
4/4,12,0,major,G0,minor-seventh,F0,4,3.0
4/4,12,0,major,G0,minor-seventh,E0,4,1.0
4/4,12,0,major,G0,minor-seventh,E0,4,2.0
4/4,12,0,major,G0,minor-seventh,D0,4,2.0
4/4,13,0,major,F0,major-seventh,E0,4,3.0
4/4,13,0,major,F0,major-seventh,C0,4,1.0
4/4,13,0,major,F0,major-seventh,C0,4,2.0
4/4,13,0,major,F0,major-seventh,C0,4,2.0
4/4,13,0,major,F0,major-seventh,C0,4,8.0
4/4,14,0,major,F0,minor-sixth,E0,4,3.0
4/4,14,0,major,F0,minor-sixth,C0,4,1.0
4/4,14,0,major,F0,minor-sixth,C0,4,2.0
4/4,14,0,major,F0,minor-sixth,C0,4,2.0
4/4,14,0,major,F0,minor-sixth,C0,4,8.0
4/4,15,0,major,C0,major-seventh,E0,4,3.0
4/4,15,0,major,C0,major-seventh,C0,4,1.0
4/4,15,0,major,C0,major-seventh,C0,4,2.0
4/4,15,0,major,C0,major-seventh,C0,4,2.0
4/4,15,0,major,C0,major-seventh,C0,4,8.0
4/4,16,0,major,F#,dominant,rest,0,16.0
4/4,17,0,major,E0,minor-seventh,rest,0,4.0
4/4,17,0,major,E0,minor-seventh,rest,0,2.0
4/4,17,0,major,E0,minor-seventh,B0,4,2.0
4/4,17,0,major,E0,minor-seventh,A0,4,2.0
4/4,17,0,major,E0,minor-seventh,G0,4,2.0
4/4,17,0,major,E0,minor-seventh,F#,4,2.0
4/4,17,0,major,E0,minor-seventh,E0,4,2.0
4/4,18,0,major,C0,minor-sixth,Eb,4,8.0
4/4,18,0,major,C0,minor-sixth,Eb,4,2.0
4/4,18,0,major,C0,minor-sixth,C0,4,4.0
4/4,18,0,major,C0,minor-sixth,Eb,4,2.0
4/4,19,0,major,E0,minor-seventh,E0,4,8.0
4/4,19,0,major,E0,minor-seventh,E0,4,2.0
4/4,19,0,major,E0,minor-seventh,C0,4,4.0
4/4,19,0,major,E0,minor-seventh,Eb,4,2.0
4/4,20,0,major,E0,minor-seventh,E0,4,16.0
4/4,21,0,major,D0,minor-seventh,rest,0,4.0
4/4,21,0,major,D0,minor-seventh,rest,0,2.0
4/4,21,0,major,D0,minor-seventh,A0,4,2.0
4/4,21,0,major,D0,minor-seventh,G0,4,2.0
4/4,21,0,major,D0,minor-seventh,F0,4,2.0
4/4,21,0,major,D0,minor-seventh,E0,4,2.0
4/4,21,0,major,D0,minor-seventh,D0,4,2.0
4/4,22,0,major,Bb,minor-sixth,C#,4,8.0
4/4,22,0,major,Bb,minor-sixth,C#,4,2.66666666667
4/4,22,0,major,Bb,minor-sixth,A0,3,2.66666666667
4/4,22,0,major,Bb,minor-sixth,C#,4,2.66666666667
4/4,23,0,major,D0,minor-seventh,D0,4,8.0
4/4,23,0,major,D0,minor-seventh,D0,4,2.66666666667
4/4,23,0,major,D0,minor-seventh,A0,3,2.66666666667
4/4,23,0,major,D0,minor-seventh,C#,4,2.66666666667
4/4,24,0,major,D0,minor-seventh,D0,4,8.0
4/4,24,0,major,D0,minor-seventh,D0,4,2.66666666667
4/4,24,0,major,D0,minor-seventh,E0,4,2.66666666667
4/4,24,0,major,D0,minor-seventh,F0,4,2.66666666667
4/4,25,0,major,C0,major-seventh,G0,4,12.0
4/4,25,0,major,C0,major-seventh,E0,4,4.0
4/4,26,0,major,Bb,major-seventh,D0,4,12.0
4/4,26,0,major,Bb,major-seventh,E0,4,2.0
4/4,26,0,major,Bb,major-seventh,F0,4,2.0
4/4,27,0,major,C0,major-seventh,G0,4,2.66666666667
4/4,27,0,major,C0,major-seventh,G0,4,2.66666666667
4/4,27,0,major,C0,major-seventh,G0,4,2.66666666667
4/4,27,0,major,C0,major-seventh,G0,4,2.66666666667
4/4,27,0,major,C0,major-seventh,A0,4,2.66666666667
4/4,27,0,major,C0,major-seventh,G0,4,2.66666666667
4/4,28,0,major,G0,minor-seventh,Bb,4,4.0
4/4,28,0,major,G0,minor-seventh,A0,4,2.0
4/4,28,0,major,G0,minor-seventh,G0,4,2.0
4/4,28,0,major,G0,minor-seventh,F0,4,2.66666666667
4/4,28,0,major,G0,minor-seventh,E0,4,2.66666666667
4/4,28,0,major,G0,minor-seventh,D0,4,2.66666666667
4/4,29,0,major,F0,major-seventh,E0,4,3.0
4/4,29,0,major,F0,major-seventh,C0,4,1.0
4/4,29,0,major,F0,major-seventh,C0,4,2.0
4/4,29,0,major,F0,major-seventh,C0,4,2.0
4/4,29,0,major,F0,major-seventh,C0,4,8.0
4/4,30,0,major,F0,minor-sixth,E0,4,3.0
4/4,30,0,major,F0,minor-sixth,C0,4,1.0
4/4,30,0,major,F0,minor-sixth,C0,4,2.0
4/4,30,0,major,F0,minor-sixth,C0,4,2.0
4/4,30,0,major,F0,minor-sixth,C0,4,4.0
4/4,30,0,major,F0,minor-sixth,D0,4,2.0
4/4,30,0,major,F0,minor-sixth,C0,4,2.0
4/4,31,0,major,C0,major-seventh,E0,4,3.0
4/4,31,0,major,C0,major-seventh,C0,4,1.0
4/4,31,0,major,C0,major-seventh,C0,4,2.0
4/4,31,0,major,C0,major-seventh,C0,4,2.0
4/4,31,0,major,C0,major-seventh,C0,4,8.0
