time,measure,key_fifths,key_mode,chord_root,chord_type,note_root,note_octave,note_duration
4/4,1,-1,major,F0,maj,F0,4,16.0
4/4,2,-1,major,F0,maj,C0,5,12.0
4/4,2,-1,major,F0,maj,E0,4,4.0
4/4,3,-1,major,Bb,maj,D0,4,16.0
4/4,4,-1,major,Bb,maj,D0,4,16.0
4/4,5,-1,major,F0,maj,F0,4,4.0
4/4,5,-1,major,F0,maj,rest,0,4.0
4/4,5,-1,major,F0,maj,F0,4,4.0
4/4,5,-1,major,F0,maj,rest,0,4.0
4/4,6,-1,major,F0,maj,F0,4,4.0
4/4,6,-1,major,F0,maj,rest,0,4.0
4/4,6,-1,major,F0,maj,F0,4,4.0
4/4,6,-1,major,F0,maj,rest,0,4.0
4/4,7,-1,major,Bb,maj,D0,4,4.0
4/4,7,-1,major,Bb,maj,rest,0,4.0
4/4,7,-1,major,Bb,maj,D0,4,4.0
4/4,7,-1,major,Bb,maj,rest,0,4.0
4/4,8,-1,major,Bb,maj,D0,4,4.0
4/4,8,-1,major,Bb,maj,rest,0,4.0
4/4,8,-1,major,Bb,maj,D0,4,4.0
4/4,8,-1,major,Bb,maj,rest,0,4.0
4/4,9,-1,major,F0,maj,F0,4,4.0
4/4,9,-1,major,F0,maj,rest,0,2.0
4/4,9,-1,major,F0,maj,F0,4,4.0
4/4,9,-1,major,F0,maj,G0,4,4.0
4/4,9,-1,major,F0,maj,F0,4,2.0
4/4,10,-1,major,A0,min,C0,4,2.0
4/4,10,-1,major,A0,min,C0,4,2.0
4/4,10,-1,major,A0,min,D0,4,2.0
4/4,10,-1,major,A0,min,D0,4,2.0
4/4,10,-1,major,A0,min,E0,4,2.0
4/4,10,-1,major,A0,min,E0,4,2.0
4/4,10,-1,major,A0,min,F0,4,2.0
4/4,10,-1,major,A0,min,F0,4,2.0
4/4,11,-1,major,Bb,maj,F0,4,2.0
4/4,11,-1,major,Bb,maj,D0,4,2.0
4/4,11,-1,major,Bb,maj,Bb,4,4.0
4/4,11,-1,major,Bb,maj,Bb,4,2.0
4/4,11,-1,major,Bb,maj,Bb,4,4.0
4/4,11,-1,major,Bb,maj,A0,4,2.0
4/4,12,-1,major,C0,7,A0,4,3.0
4/4,12,-1,major,C0,7,Bb,4,1.0
4/4,12,-1,major,C0,7,A0,4,2.0
4/4,12,-1,major,C0,7,G0,4,2.0
4/4,12,-1,major,C0,7,G0,4,8.0
4/4,13,-1,major,F0,maj,rest,0,4.0
4/4,13,-1,major,F0,maj,rest,0,2.0
4/4,13,-1,major,F0,maj,F0,4,4.0
4/4,13,-1,major,F0,maj,G0,4,4.0
4/4,13,-1,major,F0,maj,F0,4,2.0
4/4,14,-1,major,A0,min,C0,4,4.0
4/4,14,-1,major,A0,min,D0,4,2.0
4/4,14,-1,major,A0,min,D0,4,2.0
4/4,14,-1,major,A0,min,E0,4,4.0
4/4,14,-1,major,A0,min,F0,4,2.0
4/4,14,-1,major,A0,min,F0,4,2.0
4/4,15,-1,major,Bb,maj,D0,4,2.0
4/4,15,-1,major,Bb,maj,Bb,4,4.0
4/4,15,-1,major,Bb,maj,Bb,4,2.0
4/4,15,-1,major,Bb,maj,Bb,4,6.0
4/4,15,-1,major,Bb,maj,A0,4,2.0
4/4,16,-1,major,C0,7,A0,4,2.0
4/4,16,-1,major,C0,7,A0,4,1.0
4/4,16,-1,major,C0,7,Bb,4,1.0
4/4,16,-1,major,C0,7,A0,4,2.0
4/4,16,-1,major,C0,7,G0,4,2.0
4/4,16,-1,major,C0,7,G0,4,8.0
4/4,17,-1,major,G0,min,rest,0,4.0
4/4,17,-1,major,G0,min,D0,4,4.0
4/4,17,-1,major,G0,min,C0,5,4.0
4/4,17,-1,major,G0,min,Bb,4,4.0
4/4,18,-1,major,C0,7,A0,4,4.0
4/4,18,-1,major,C0,7,G0,4,2.0
4/4,18,-1,major,C0,7,G0,4,2.0
4/4,18,-1,major,C0,7,G0,4,8.0
4/4,19,-1,major,A0,min,rest,0,4.0
4/4,19,-1,major,A0,min,E0,4,4.0
4/4,19,-1,major,A0,min,D0,5,4.0
4/4,19,-1,major,A0,min,C0,5,4.0
4/4,20,-1,major,D0,7,B0,4,4.0
4/4,20,-1,major,D0,7,A0,4,2.0
4/4,20,-1,major,D0,7,A0,4,4.0
4/4,20,-1,major,D0,7,G0,4,2.0
4/4,20,-1,major,D0,7,A0,4,2.0
4/4,20,-1,major,D0,7,B0,4,2.0
4/4,21,-1,major,G0,maj,A0,4,2.0
4/4,21,-1,major,G0,maj,G0,4,2.0
4/4,21,-1,major,G0,maj,G0,4,12.0
4/4,22,-1,major,G0,maj7,rest,0,4.0
4/4,22,-1,major,G0,maj7,rest,0,2.0
4/4,22,-1,major,G0,maj7,B0,4,4.0
4/4,22,-1,major,G0,maj7,A0,4,2.0
4/4,22,-1,major,G0,maj7,G0,4,2.0
4/4,22,-1,major,G0,maj7,F#,4,2.0
4/4,23,-1,major,C0,maj,F#,4,2.0
4/4,23,-1,major,C0,maj,G0,4,2.0
4/4,23,-1,major,C0,maj,G0,4,12.0
4/4,24,-1,major,D0,7,rest,0,2.0
4/4,24,-1,major,D0,7,F#,4,2.0
4/4,24,-1,major,D0,7,G0,4,2.0
4/4,24,-1,major,D0,7,A0,4,4.0
4/4,24,-1,major,D0,7,F#,4,2.0
4/4,24,-1,major,D0,7,E0,4,2.0
4/4,24,-1,major,D0,7,F#,4,2.0
4/4,25,-1,major,G0,maj7,F#,4,2.0
4/4,25,-1,major,G0,maj7,F#,4,2.0
4/4,25,-1,major,G0,maj7,E0,4,4.0
4/4,25,-1,major,G0,maj7,D0,4,8.0
4/4,26,-1,major,G0,maj7,rest,0,4.0
4/4,26,-1,major,G0,maj7,rest,0,2.0
4/4,26,-1,major,G0,maj7,B0,4,4.0
4/4,26,-1,major,G0,maj7,A0,4,2.0
4/4,26,-1,major,G0,maj7,G0,4,2.0
4/4,26,-1,major,G0,maj7,F#,4,2.0
4/4,27,-1,major,C0,maj,F#,4,2.0
4/4,27,-1,major,C0,maj,G0,4,2.0
4/4,27,-1,major,C0,maj,G0,4,12.0
4/4,28,-1,major,D0,7,rest,0,16.0
4/4,29,-1,major,F0,maj7,A0,4,8.0
4/4,29,-1,major,F0,maj7,G0,4,8.0
4/4,30,-1,major,F0,maj,rest,0,4.0
4/4,30,-1,major,F0,maj,rest,0,2.0
4/4,30,-1,major,F0,maj,F0,4,4.0
4/4,30,-1,major,F0,maj,G0,4,4.0
4/4,30,-1,major,F0,maj,F0,4,2.0
4/4,31,-1,major,A0,min,C0,4,2.0
4/4,31,-1,major,A0,min,C0,4,2.0
4/4,31,-1,major,A0,min,D0,4,2.0
4/4,31,-1,major,A0,min,D0,4,2.0
4/4,31,-1,major,A0,min,E0,4,2.0
4/4,31,-1,major,A0,min,E0,4,2.0
4/4,31,-1,major,A0,min,F0,4,2.0
4/4,31,-1,major,A0,min,F0,4,2.0
4/4,32,-1,major,Bb,maj,F0,4,2.0
4/4,32,-1,major,Bb,maj,D0,4,2.0
4/4,32,-1,major,Bb,maj,Bb,4,4.0
4/4,32,-1,major,Bb,maj,Bb,4,2.0
4/4,32,-1,major,Bb,maj,Bb,4,4.0
4/4,32,-1,major,Bb,maj,Bb,4,2.0
4/4,33,-1,major,C0,7,A0,4,2.0
4/4,33,-1,major,C0,7,A0,4,2.0
4/4,33,-1,major,C0,7,G0,4,2.0
4/4,33,-1,major,C0,7,G0,4,2.0
4/4,33,-1,major,C0,7,G0,4,8.0
4/4,34,-1,major,F0,maj,rest,0,4.0
4/4,34,-1,major,F0,maj,rest,0,2.0
4/4,34,-1,major,F0,maj,F0,4,4.0
4/4,34,-1,major,F0,maj,G0,4,4.0
4/4,34,-1,major,F0,maj,F0,4,2.0
4/4,35,-1,major,A0,min,C0,4,4.0
4/4,35,-1,major,A0,min,D0,4,4.0
4/4,35,-1,major,A0,min,E0,4,2.0
4/4,35,-1,major,A0,min,E0,4,2.0
4/4,35,-1,major,A0,min,F0,4,2.0
4/4,35,-1,major,A0,min,F0,4,2.0
4/4,36,-1,major,Bb,maj,D0,4,2.0
4/4,36,-1,major,Bb,maj,Bb,4,4.0
4/4,36,-1,major,Bb,maj,Bb,4,2.0
4/4,36,-1,major,Bb,maj,Bb,4,6.0
4/4,36,-1,major,Bb,maj,A0,4,2.0
4/4,37,-1,major,C0,7,A0,4,4.0
4/4,37,-1,major,C0,7,G0,4,2.0
4/4,37,-1,major,C0,7,G0,4,2.0
4/4,37,-1,major,C0,7,G0,4,8.0
4/4,38,-1,major,G0,min,rest,0,4.0
4/4,38,-1,major,G0,min,D0,4,4.0
4/4,38,-1,major,G0,min,C0,5,4.0
4/4,38,-1,major,G0,min,Bb,4,4.0
4/4,39,-1,major,C0,7,A0,4,4.0
4/4,39,-1,major,C0,7,G0,4,2.0
4/4,39,-1,major,C0,7,G0,4,2.0
4/4,39,-1,major,C0,7,G0,4,8.0
4/4,40,-1,major,A0,min,rest,0,4.0
4/4,40,-1,major,A0,min,E0,4,4.0
4/4,40,-1,major,A0,min,D0,5,4.0
4/4,40,-1,major,A0,min,C0,5,4.0
4/4,41,-1,major,D0,7,B0,4,4.0
4/4,41,-1,major,D0,7,A0,4,2.0
4/4,41,-1,major,D0,7,A0,4,4.0
4/4,41,-1,major,D0,7,G0,4,2.0
4/4,41,-1,major,D0,7,A0,4,2.0
4/4,41,-1,major,D0,7,B0,4,2.0
4/4,42,-1,major,G0,maj,A0,4,2.0
4/4,42,-1,major,G0,maj,G0,4,2.0
4/4,42,-1,major,G0,maj,G0,4,12.0
4/4,43,-1,major,G0,maj7,rest,0,4.0
4/4,43,-1,major,G0,maj7,rest,0,2.0
4/4,43,-1,major,G0,maj7,B0,4,4.0
4/4,43,-1,major,G0,maj7,A0,4,2.0
4/4,43,-1,major,G0,maj7,G0,4,2.0
4/4,43,-1,major,G0,maj7,F#,4,2.0
4/4,44,-1,major,C0,maj,F#,4,2.0
4/4,44,-1,major,C0,maj,G0,4,2.0
4/4,44,-1,major,C0,maj,G0,4,12.0
4/4,45,-1,major,D0,7,rest,0,2.0
4/4,45,-1,major,D0,7,F#,4,2.0
4/4,45,-1,major,D0,7,G0,4,2.0
4/4,45,-1,major,D0,7,A0,4,4.0
4/4,45,-1,major,D0,7,F#,4,2.0
4/4,45,-1,major,D0,7,E0,4,2.0
4/4,45,-1,major,D0,7,F#,4,2.0
4/4,46,-1,major,G0,maj7,F#,4,2.0
4/4,46,-1,major,G0,maj7,F#,4,2.0
4/4,46,-1,major,G0,maj7,E0,4,4.0
4/4,46,-1,major,G0,maj7,D0,4,8.0
4/4,47,-1,major,G0,maj7,rest,0,4.0
4/4,47,-1,major,G0,maj7,rest,0,2.0
4/4,47,-1,major,G0,maj7,B0,4,4.0
4/4,47,-1,major,G0,maj7,A0,4,2.0
4/4,47,-1,major,G0,maj7,G0,4,2.0
4/4,47,-1,major,G0,maj7,F#,4,2.0
4/4,48,-1,major,C0,maj,F#,4,2.0
4/4,48,-1,major,C0,maj,G0,4,2.0
4/4,48,-1,major,C0,maj,G0,4,12.0
4/4,49,-1,major,D0,7,rest,0,16.0
4/4,50,-1,major,F0,maj7,A0,4,8.0
4/4,50,-1,major,F0,maj7,G0,4,8.0
4/4,51,-1,major,F0,maj,F0,4,4.0
4/4,51,-1,major,F0,maj,rest,0,4.0
4/4,51,-1,major,F0,maj,F0,4,4.0
4/4,51,-1,major,F0,maj,rest,0,4.0
4/4,52,-1,major,F0,maj,F0,4,4.0
4/4,52,-1,major,F0,maj,rest,0,4.0
4/4,52,-1,major,F0,maj,F0,4,4.0
4/4,52,-1,major,F0,maj,rest,0,4.0
4/4,53,-1,major,Bb,maj,D0,4,4.0
4/4,53,-1,major,Bb,maj,rest,0,4.0
4/4,53,-1,major,Bb,maj,D0,4,4.0
4/4,53,-1,major,Bb,maj,rest,0,4.0
4/4,54,-1,major,Bb,maj,D0,4,4.0
4/4,54,-1,major,Bb,maj,rest,0,4.0
4/4,54,-1,major,Bb,maj,D0,4,4.0
4/4,54,-1,major,Bb,maj,rest,0,4.0
4/4,55,-1,major,F0,maj,F0,4,4.0
4/4,55,-1,major,F0,maj,rest,0,4.0
4/4,55,-1,major,F0,maj,F0,4,4.0
4/4,55,-1,major,F0,maj,rest,0,4.0
4/4,56,-1,major,F0,maj,F0,4,4.0
4/4,56,-1,major,F0,maj,rest,0,4.0
4/4,56,-1,major,F0,maj,F0,4,4.0
4/4,56,-1,major,F0,maj,rest,0,4.0
4/4,57,-1,major,Bb,maj,D0,4,4.0
4/4,57,-1,major,Bb,maj,rest,0,4.0
4/4,57,-1,major,Bb,maj,D0,4,4.0
4/4,57,-1,major,Bb,maj,rest,0,4.0
4/4,58,-1,major,Bb,maj,D0,4,4.0
4/4,58,-1,major,Bb,maj,rest,0,4.0
4/4,58,-1,major,Bb,maj,D0,4,4.0
4/4,58,-1,major,Bb,maj,rest,0,4.0
4/4,59,-1,major,F0,maj,F0,4,4.0
4/4,59,-1,major,F0,maj,rest,0,2.0
4/4,59,-1,major,F0,maj,F0,4,4.0
4/4,59,-1,major,F0,maj,G0,4,4.0
4/4,59,-1,major,F0,maj,F0,4,2.0
4/4,60,-1,major,A0,min,C0,4,2.0
4/4,60,-1,major,A0,min,C0,4,2.0
4/4,60,-1,major,A0,min,D0,4,2.0
4/4,60,-1,major,A0,min,D0,4,2.0
4/4,60,-1,major,A0,min,E0,4,2.0
4/4,60,-1,major,A0,min,E0,4,2.0
4/4,60,-1,major,A0,min,F0,4,2.0
4/4,60,-1,major,A0,min,F0,4,2.0
4/4,61,-1,major,Bb,maj,F0,4,2.0
4/4,61,-1,major,Bb,maj,D0,4,2.0
4/4,61,-1,major,Bb,maj,Bb,4,2.0
4/4,61,-1,major,Bb,maj,Bb,4,2.0
4/4,61,-1,major,Bb,maj,Bb,4,4.0
4/4,61,-1,major,Bb,maj,A0,4,4.0
4/4,62,-1,major,C0,7,A0,4,4.0
4/4,62,-1,major,C0,7,G0,4,2.0
4/4,62,-1,major,C0,7,G0,4,2.0
4/4,62,-1,major,C0,7,G0,4,8.0
4/4,63,-1,major,F0,maj,rest,0,4.0
4/4,63,-1,major,F0,maj,rest,0,2.0
4/4,63,-1,major,F0,maj,F0,4,4.0
4/4,63,-1,major,F0,maj,G0,4,4.0
4/4,63,-1,major,F0,maj,F0,4,2.0
4/4,64,-1,major,A0,min,C0,4,2.0
4/4,64,-1,major,A0,min,C0,4,2.0
4/4,64,-1,major,A0,min,D0,4,2.0
4/4,64,-1,major,A0,min,D0,4,2.0
4/4,64,-1,major,A0,min,E0,4,2.0
4/4,64,-1,major,A0,min,E0,4,2.0
4/4,64,-1,major,A0,min,F0,4,2.0
4/4,64,-1,major,A0,min,F0,4,2.0
4/4,65,-1,major,Bb,maj,F0,4,2.0
4/4,65,-1,major,Bb,maj,D0,4,2.0
4/4,65,-1,major,Bb,maj,Bb,4,4.0
4/4,65,-1,major,Bb,maj,Bb,4,6.0
4/4,65,-1,major,Bb,maj,A0,4,2.0
4/4,66,-1,major,C0,7,A0,4,4.0
4/4,66,-1,major,C0,7,G0,4,2.0
4/4,66,-1,major,C0,7,G0,4,2.0
4/4,66,-1,major,C0,7,G0,4,8.0
4/4,67,-1,major,G0,min,rest,0,4.0
4/4,67,-1,major,G0,min,D0,4,4.0
4/4,67,-1,major,G0,min,C0,5,4.0
4/4,67,-1,major,G0,min,Bb,4,4.0
4/4,68,-1,major,C0,7,A0,4,4.0
4/4,68,-1,major,C0,7,G0,4,2.0
4/4,68,-1,major,C0,7,G0,4,2.0
4/4,68,-1,major,C0,7,G0,4,8.0
4/4,69,-1,major,A0,min,rest,0,4.0
4/4,69,-1,major,A0,min,E0,4,4.0
4/4,69,-1,major,A0,min,D0,5,4.0
4/4,69,-1,major,A0,min,C0,5,4.0
4/4,70,-1,major,D0,7,B0,4,4.0
4/4,70,-1,major,D0,7,A0,4,2.0
4/4,70,-1,major,D0,7,A0,4,4.0
4/4,70,-1,major,D0,7,G0,4,2.0
4/4,70,-1,major,D0,7,B0,4,4.0
4/4,71,-1,major,G0,maj,A0,4,2.0
4/4,71,-1,major,G0,maj,G0,4,2.0
4/4,71,-1,major,G0,maj,G0,4,12.0
4/4,72,-1,major,G0,maj7,rest,0,4.0
4/4,72,-1,major,G0,maj7,rest,0,2.0
4/4,72,-1,major,G0,maj7,B0,4,4.0
4/4,72,-1,major,G0,maj7,A0,4,2.0
4/4,72,-1,major,G0,maj7,G0,4,2.0
4/4,72,-1,major,G0,maj7,F#,4,2.0
4/4,73,-1,major,C0,maj,F#,4,2.0
4/4,73,-1,major,C0,maj,G0,4,2.0
4/4,73,-1,major,C0,maj,G0,4,12.0
4/4,74,-1,major,D0,7,rest,0,2.0
4/4,74,-1,major,D0,7,F#,4,2.0
4/4,74,-1,major,D0,7,G0,4,2.0
4/4,74,-1,major,D0,7,A0,4,4.0
4/4,74,-1,major,D0,7,F#,4,2.0
4/4,74,-1,major,D0,7,E0,4,2.0
4/4,74,-1,major,D0,7,F#,4,2.0
4/4,75,-1,major,G0,maj7,F#,4,2.0
4/4,75,-1,major,G0,maj7,F#,4,2.0
4/4,75,-1,major,G0,maj7,E0,4,4.0
4/4,75,-1,major,G0,maj7,D0,4,8.0
4/4,76,-1,major,G0,maj7,rest,0,4.0
4/4,76,-1,major,G0,maj7,rest,0,2.0
4/4,76,-1,major,G0,maj7,B0,4,4.0
4/4,76,-1,major,G0,maj7,A0,4,2.0
4/4,76,-1,major,G0,maj7,G0,4,2.0
4/4,76,-1,major,G0,maj7,F#,4,2.0
4/4,77,-1,major,C0,maj,F#,4,2.0
4/4,77,-1,major,C0,maj,G0,4,2.0
4/4,77,-1,major,C0,maj,G0,4,12.0
4/4,78,-1,major,D0,7,rest,0,2.0
4/4,78,-1,major,D0,7,F#,4,2.0
4/4,78,-1,major,D0,7,G0,4,2.0
4/4,78,-1,major,D0,7,A0,4,4.0
4/4,78,-1,major,D0,7,F#,4,2.0
4/4,78,-1,major,D0,7,E0,4,2.0
4/4,78,-1,major,D0,7,F#,4,2.0
4/4,79,-1,major,G0,maj7,F#,4,2.0
4/4,79,-1,major,G0,maj7,F#,4,2.0
4/4,79,-1,major,G0,maj7,E0,4,4.0
4/4,79,-1,major,G0,maj7,D0,4,8.0
4/4,80,-1,major,G0,maj7,rest,0,4.0
4/4,80,-1,major,G0,maj7,rest,0,2.0
4/4,80,-1,major,G0,maj7,B0,4,4.0
4/4,80,-1,major,G0,maj7,A0,4,2.0
4/4,80,-1,major,G0,maj7,G0,4,2.0
4/4,80,-1,major,G0,maj7,A0,4,2.0
4/4,81,-1,major,C0,maj,A0,4,2.0
4/4,81,-1,major,C0,maj,E0,4,2.0
4/4,81,-1,major,C0,maj,E0,4,12.0
4/4,82,-1,major,D0,7,rest,0,4.0
4/4,82,-1,major,D0,7,rest,0,2.0
4/4,82,-1,major,D0,7,F#,4,4.0
4/4,82,-1,major,D0,7,G0,4,4.0
4/4,82,-1,major,D0,7,A0,4,2.0
4/4,83,-1,major,G0,maj,G0,4,8.0
4/4,83,-1,major,G0,maj,rest,0,8.0
