time,measure,key_fifths,key_mode,chord_root,chord_type,note_root,note_octave,note_duration
2/2,1,0,major,[],[],rest,0,8.0
2/2,1,0,major,[],[],rest,0,4.0
2/2,1,0,major,[],[],E0,4,4.0
2/2,2,0,major,E0,augmented,E0,4,12.0
2/2,2,0,major,E0,augmented,C0,4,4.0
2/2,3,0,major,E0,augmented,C0,4,12.0
2/2,3,0,major,E0,augmented,E0,4,4.0
2/2,4,0,major,A0,dominant,E0,4,12.0
2/2,4,0,major,A0,dominant,C#,4,4.0
2/2,5,0,major,A0,dominant,C#,4,12.0
2/2,5,0,major,A0,dominant,A0,4,4.0
2/2,6,0,major,D0,minor-seventh,A0,4,12.0
2/2,6,0,major,D0,minor-seventh,F0,4,4.0
2/2,7,0,major,G0,dominant,F0,4,8.0
2/2,7,0,major,G0,dominant,G0,4,2.66666666667
2/2,7,0,major,G0,dominant,A0,4,2.66666666667
2/2,7,0,major,G0,dominant,B0,4,2.66666666667
2/2,8,0,major,C0,major-seventh,E0,5,16.0
2/2,9,0,major,C0,major-sixth,E0,5,12.0
2/2,9,0,major,C0,major-sixth,E0,5,4.0
2/2,10,0,major,F0,major-seventh,E0,5,12.0
2/2,10,0,major,F0,major-seventh,C0,5,4.0
2/2,11,0,major,F0,minor,C0,5,12.0
2/2,11,0,major,F0,minor,B0,4,4.0
2/2,12,0,major,C0,major,B0,4,2.0
2/2,12,0,major,C0,major,D0,5,2.0
2/2,12,0,major,C0,major,C0,5,4.0
2/2,12,0,major,C0,major,B0,4,4.0
2/2,12,0,major,C0,major,C0,5,2.0
2/2,12,0,major,C0,major,A0,4,2.0
2/2,13,0,major,A0,dominant,A0,4,16.0
2/2,14,0,major,Ab,dominant,Bb,4,16.0
2/2,15,0,major,G0,dominant,G0,4,6.0
2/2,15,0,major,G0,dominant,G0,4,2.0
2/2,15,0,major,G0,dominant,G0,4,4.0
2/2,15,0,major,G0,dominant,G0,4,4.0
2/2,16,0,major,C0,major-seventh,G0,4,16.0
2/2,17,0,major,C0,major-seventh,G0,4,8.0
2/2,17,0,major,C0,major-seventh,rest,0,4.0
2/2,17,0,major,C0,major-seventh,E0,4,4.0
2/2,18,0,major,E0,augmented,E0,4,12.0
2/2,18,0,major,E0,augmented,C0,4,4.0
2/2,19,0,major,E0,augmented,C0,4,12.0
2/2,19,0,major,E0,augmented,E0,4,4.0
2/2,20,0,major,A0,dominant,E0,4,12.0
2/2,20,0,major,A0,dominant,C#,4,4.0
2/2,21,0,major,A0,dominant,C#,4,12.0
2/2,21,0,major,A0,dominant,A0,4,4.0
2/2,22,0,major,D0,minor-seventh,A0,4,12.0
2/2,22,0,major,D0,minor-seventh,F0,4,4.0
2/2,23,0,major,G0,dominant,F0,4,8.0
2/2,23,0,major,G0,dominant,G0,4,2.66666666667
2/2,23,0,major,G0,dominant,A0,4,2.66666666667
2/2,23,0,major,G0,dominant,B0,4,2.66666666667
2/2,24,0,major,C0,major-seventh,E0,5,16.0
2/2,25,0,major,C0,dominant,E0,5,12.0
2/2,25,0,major,C0,dominant,E0,5,4.0
2/2,26,0,major,F0,major-seventh,E0,5,12.0
2/2,26,0,major,F0,major-seventh,C0,5,4.0
2/2,27,0,major,F#,diminished-seventh,C0,5,12.0
2/2,27,0,major,F#,diminished-seventh,B0,4,4.0
2/2,28,0,major,C0,major,B0,4,2.0
2/2,28,0,major,C0,major,D0,5,2.0
2/2,28,0,major,C0,major,C0,5,4.0
2/2,28,0,major,C0,major,B0,4,4.0
2/2,28,0,major,C0,major,C0,5,2.0
2/2,28,0,major,C0,major,A0,4,2.0
2/2,29,0,major,A0,dominant,A0,4,16.0
2/2,30,0,major,Ab,dominant,Bb,4,16.0
2/2,31,0,major,G0,dominant,G0,4,6.0
2/2,31,0,major,G0,dominant,G0,4,2.0
2/2,31,0,major,G0,dominant,G0,4,4.0
2/2,31,0,major,G0,dominant,G0,4,4.0
2/2,32,0,major,C0,major-seventh,G0,4,16.0
2/2,33,0,major,G0,augmented-seventh,G0,4,12.0
2/2,33,0,major,G0,augmented-seventh,rest,0,4.0
2/2,34,0,major,F0,major,C0,5,16.0
2/2,35,0,major,F0,minor-sixth,C0,4,6.0
2/2,35,0,major,F0,minor-sixth,C0,4,2.0
2/2,35,0,major,F0,minor-sixth,C0,4,4.0
2/2,35,0,major,F0,minor-sixth,rest,0,4.0
2/2,36,0,major,C0,major,C0,4,2.0
2/2,36,0,major,C0,major,D0,4,2.0
2/2,36,0,major,C0,major,E0,4,2.0
2/2,36,0,major,C0,major,G0,4,2.0
2/2,36,0,major,C0,major,G0,4,2.0
2/2,36,0,major,C0,major,A0,4,2.0
2/2,36,0,major,C0,major,B0,4,4.0
2/2,37,0,major,C0,major-sixth,A0,4,16.0
2/2,38,0,major,D0,dominant,D0,4,2.66666666667
2/2,38,0,major,D0,dominant,E0,4,2.66666666667
2/2,38,0,major,D0,dominant,F#,4,2.66666666667
2/2,38,0,major,D0,dominant,A0,4,2.66666666667
2/2,38,0,major,D0,dominant,B0,4,2.66666666667
2/2,38,0,major,D0,dominant,C0,5,2.66666666667
2/2,39,0,major,A0,half-diminished,Eb,5,8.0
2/2,39,0,major,A0,half-diminished,Eb,5,2.0
2/2,39,0,major,A0,half-diminished,D0,5,2.0
2/2,39,0,major,A0,half-diminished,Eb,5,4.0
2/2,40,0,major,G0,dominant,D0,5,16.0
2/2,41,0,major,D0,minor-seventh,D0,5,4.0
2/2,41,0,major,D0,minor-seventh,G0,4,4.0
2/2,41,0,major,D0,minor-seventh,C0,5,4.0
2/2,41,0,major,D0,minor-seventh,D0,5,4.0
2/2,42,0,major,C0,major,E0,5,12.0
2/2,42,0,major,C0,major,D0,5,4.0
2/2,43,0,major,C0,dominant,C0,5,12.0
2/2,43,0,major,C0,dominant,B0,4,4.0
2/2,44,0,major,F0,major,B0,4,2.0
2/2,44,0,major,F0,major,D0,5,2.0
2/2,44,0,major,F0,major,C0,5,4.0
2/2,44,0,major,F0,major,B0,4,4.0
2/2,44,0,major,F0,major,C0,5,2.0
2/2,44,0,major,F0,major,A0,4,2.0
2/2,45,0,major,A0,dominant,A0,4,16.0
2/2,46,0,major,Ab,dominant,Bb,4,16.0
2/2,47,0,major,G0,dominant,G0,4,6.0
2/2,47,0,major,G0,dominant,G0,4,2.0
2/2,47,0,major,G0,dominant,G0,4,8.0
2/2,48,0,major,Ab,dominant,rest,0,4.0
2/2,48,0,major,Ab,dominant,Bb,4,2.0
2/2,48,0,major,Ab,dominant,Bb,4,2.0
2/2,48,0,major,Ab,dominant,Bb,4,2.0
2/2,48,0,major,Ab,dominant,C0,5,2.0
2/2,48,0,major,Ab,dominant,Bb,4,4.0
2/2,49,0,major,G0,dominant,G0,4,6.0
2/2,49,0,major,G0,dominant,G0,4,2.0
2/2,49,0,major,G0,dominant,G0,4,8.0
2/2,50,0,major,Ab,dominant,Eb,5,16.0
2/2,51,0,major,F0,major,C0,5,6.0
2/2,51,0,major,F0,major,C0,5,2.0
2/2,51,0,major,F0,major,C0,5,4.0
2/2,51,0,major,F0,major,C0,5,4.0
2/2,52,0,major,C0,major,C0,5,16.0
2/2,53,0,major,G0,dominant,C0,5,12.0
2/2,53,0,major,G0,dominant,E0,4,4.0
2/2,54,0,major,C0,major-sixth,C0,5,16.0
2/2,55,0,major,C0,major-sixth,C0,5,8.0
2/2,55,0,major,C0,major-sixth,C0,5,4.0
2/2,55,0,major,C0,major-sixth,rest,0,4.0
